[
  { "model": "study_tests.studytest", "pk": 1, "fields": { "title": "Тест: Шифр Цезаря", "category": 6, "description": "Обновлённый тест: 6 одиночных и 4 множественных вопросы", "attempt_limit": 3, "author": 1, "created_at": "2025-11-04T00:00:00Z", "updated_at": "2025-11-04T00:00:00Z" }},
  { "model": "study_tests.question", "pk": 1, "fields": { "test": 1, "text": "К какому классу относится шифр Цезаря?", "multiple_answers": false } },
  { "model": "study_tests.answer", "pk": 1, "fields": { "question": 1, "text": "К подстановочным шифрам", "is_correct": true } },
  { "model": "study_tests.answer", "pk": 2, "fields": { "question": 1, "text": "К перестановочным шифрам", "is_correct": false } },
  { "model": "study_tests.answer", "pk": 3, "fields": { "question": 1, "text": "К потоковым асимметричным шифрам", "is_correct": false } },
  { "model": "study_tests.answer", "pk": 4, "fields": { "question": 1, "text": "К гомоморфным шифрам", "is_correct": false } },

  { "model": "study_tests.question", "pk": 2, "fields": { "test": 1, "text": "Основной принцип шифра Цезаря", "multiple_answers": false } },
  { "model": "study_tests.answer", "pk": 5, "fields": { "question": 2, "text": "Сдвиг букв алфавита на фиксированное число позиций", "is_correct": true } },
  { "model": "study_tests.answer", "pk": 6, "fields": { "question": 2, "text": "Перестановка символов по ключевой таблице", "is_correct": false } },
  { "model": "study_tests.answer", "pk": 7, "fields": { "question": 2, "text": "Матричное умножение блоков", "is_correct": false } },
  { "model": "study_tests.answer", "pk": 8, "fields": { "question": 2, "text": "Кодирование битовых полей GF(2)", "is_correct": false } },

  { "model": "study_tests.question", "pk": 3, "fields": { "test": 1, "text": "Формулы шифрования и дешифрования Цезаря", "multiple_answers": true } },
  { "model": "study_tests.answer", "pk": 9,  "fields": { "question": 3, "text": "E(x) = (x + k) mod n", "is_correct": true } },
  { "model": "study_tests.answer", "pk": 10, "fields": { "question": 3, "text": "D(y) = (y − k) mod n", "is_correct": true } },
  { "model": "study_tests.answer", "pk": 11, "fields": { "question": 3, "text": "E(x) = (a·x + b) mod n", "is_correct": false } },
  { "model": "study_tests.answer", "pk": 12, "fields": { "question": 3, "text": "D(y) = y^d mod n", "is_correct": false } },

  { "model": "study_tests.question", "pk": 4, "fields": { "test": 1, "text": "Свойства циклического сдвига в шифре Цезаря", "multiple_answers": true } },
  { "model": "study_tests.answer", "pk": 13, "fields": { "question": 4, "text": "Сдвиг выполняется по кругу (циклически)", "is_correct": true } },
  { "model": "study_tests.answer", "pk": 14, "fields": { "question": 4, "text": "После Я идёт А", "is_correct": true } },
  { "model": "study_tests.answer", "pk": 15, "fields": { "question": 4, "text": "Сдвиг обрезает конец текста", "is_correct": false } },
  { "model": "study_tests.answer", "pk": 16, "fields": { "question": 4, "text": "Сдвиг прекращается на последней букве", "is_correct": false } },

  { "model": "study_tests.question", "pk": 5, "fields": { "test": 1, "text": "Сколько возможных ключей для русского алфавита?", "multiple_answers": false } },
  { "model": "study_tests.answer", "pk": 17, "fields": { "question": 5, "text": "32", "is_correct": true } },
  { "model": "study_tests.answer", "pk": 18, "fields": { "question": 5, "text": "26", "is_correct": false } },
  { "model": "study_tests.answer", "pk": 19, "fields": { "question": 5, "text": "128", "is_correct": false } },
  { "model": "study_tests.answer", "pk": 20, "fields": { "question": 5, "text": "256", "is_correct": false } },

  { "model": "study_tests.question", "pk": 6, "fields": { "test": 1, "text": "Главные недостатки шифра Цезаря", "multiple_answers": true } },
  { "model": "study_tests.answer", "pk": 21, "fields": { "question": 6, "text": "Уязвим к полному перебору", "is_correct": true } },
  { "model": "study_tests.answer", "pk": 22, "fields": { "question": 6, "text": "Уязвим к частотному анализу", "is_correct": true } },
  { "model": "study_tests.answer", "pk": 23, "fields": { "question": 6, "text": "Требует квантовых вычислений", "is_correct": false } },
  { "model": "study_tests.answer", "pk": 24, "fields": { "question": 6, "text": "Слишком большой ключ", "is_correct": false } },

  { "model": "study_tests.question", "pk": 7, "fields": { "test": 1, "text": "К какому типу шифрования относится Цезарь?", "multiple_answers": false } },
  { "model": "study_tests.answer", "pk": 25, "fields": { "question": 7, "text": "Симметричное шифрование", "is_correct": true } },
  { "model": "study_tests.answer", "pk": 26, "fields": { "question": 7, "text": "Асимметричное шифрование", "is_correct": false } },
  { "model": "study_tests.answer", "pk": 27, "fields": { "question": 7, "text": "Гомоморфное шифрование", "is_correct": false } },
  { "model": "study_tests.answer", "pk": 28, "fields": { "question": 7, "text": "Квантовое шифрование", "is_correct": false } },

  { "model": "study_tests.question", "pk": 8, "fields": { "test": 1, "text": "Почему шифр Цезаря полезен в обучении?", "multiple_answers": false } },
  { "model": "study_tests.answer", "pk": 29, "fields": { "question": 8, "text": "Демонстрирует ключ, модульную арифметику и симметрию", "is_correct": true } },
  { "model": "study_tests.answer", "pk": 30, "fields": { "question": 8, "text": "Используется в TLS как стандарт", "is_correct": false } },
  { "model": "study_tests.answer", "pk": 31, "fields": { "question": 8, "text": "Гарантирует абсолютную стойкость", "is_correct": false } },
  { "model": "study_tests.answer", "pk": 32, "fields": { "question": 8, "text": "Нужен для квантовых протоколов", "is_correct": false } },

  { "model": "study_tests.question", "pk": 9, "fields": { "test": 1, "text": "Что сохраняется при шифровании Цезаря?", "multiple_answers": false } },
  { "model": "study_tests.answer", "pk": 33, "fields": { "question": 9, "text": "Структура языка (распределение букв)", "is_correct": true } },
  { "model": "study_tests.answer", "pk": 34, "fields": { "question": 9, "text": "Порядок слов в предложении", "is_correct": false } },
  { "model": "study_tests.answer", "pk": 35, "fields": { "question": 9, "text": "Разделители предложений", "is_correct": false } },
  { "model": "study_tests.answer", "pk": 36, "fields": { "question": 9, "text": "Заглавные буквы", "is_correct": false } },

  { "model": "study_tests.question", "pk": 10, "fields": { "test": 1, "text": "Какие параметры описывают шифр Цезаря?", "multiple_answers": true } },
  { "model": "study_tests.answer", "pk": 37, "fields": { "question": 10, "text": "Ключ k (величина сдвига)", "is_correct": true } },
  { "model": "study_tests.answer", "pk": 38, "fields": { "question": 10, "text": "Размер алфавита n", "is_correct": true } },
  { "model": "study_tests.answer", "pk": 39, "fields": { "question": 10, "text": "Раундовая функция F", "is_correct": false } },
  { "model": "study_tests.answer", "pk": 40, "fields": { "question": 10, "text": "S-box таблица", "is_correct": false } },

  { "model": "study_tests.studytest", "pk": 5, "fields": { "title": "Тест: DES", "category": 6, "description": "DES: 6 одиночных и 4 множественных вопроса", "attempt_limit": 3, "author": 1, "created_at": "2025-11-04T00:00:00Z", "updated_at": "2025-11-04T00:00:00Z" }},
  { "model": "study_tests.question", "pk": 41, "fields": { "test": 5, "text": "Размер блока DES", "multiple_answers": false } },
  { "model": "study_tests.answer", "pk": 161, "fields": { "question": 41, "text": "64 бита", "is_correct": true } },
  { "model": "study_tests.answer", "pk": 162, "fields": { "question": 41, "text": "128 бит", "is_correct": false } },
  { "model": "study_tests.answer", "pk": 163, "fields": { "question": 41, "text": "32 бита", "is_correct": false } },
  { "model": "study_tests.answer", "pk": 164, "fields": { "question": 41, "text": "256 бит", "is_correct": false } },

  { "model": "study_tests.question", "pk": 42, "fields": { "test": 5, "text": "Эффективная длина ключа DES", "multiple_answers": false } },
  { "model": "study_tests.answer", "pk": 165, "fields": { "question": 42, "text": "56 бит", "is_correct": true } },
  { "model": "study_tests.answer", "pk": 166, "fields": { "question": 42, "text": "64 бита без чётности", "is_correct": false } },
  { "model": "study_tests.answer", "pk": 167, "fields": { "question": 42, "text": "40 бит", "is_correct": false } },
  { "model": "study_tests.answer", "pk": 168, "fields": { "question": 42, "text": "112 бит", "is_correct": false } },

  { "model": "study_tests.question", "pk": 43, "fields": { "test": 5, "text": "Что делает функция F в DES?", "multiple_answers": true } },
  { "model": "study_tests.answer", "pk": 169, "fields": { "question": 43, "text": "Расширение E", "is_correct": true } },
  { "model": "study_tests.answer", "pk": 170, "fields": { "question": 43, "text": "XOR с Ki", "is_correct": true } },
  { "model": "study_tests.answer", "pk": 171, "fields": { "question": 43, "text": "S-box подстановки", "is_correct": true } },
  { "model": "study_tests.answer", "pk": 172, "fields": { "question": 43, "text": "AddRoundKey как в AES", "is_correct": false } },

  { "model": "study_tests.question", "pk": 44, "fields": { "test": 5, "text": "Структура DES", "multiple_answers": false } },
  { "model": "study_tests.answer", "pk": 173, "fields": { "question": 44, "text": "Сеть Фейстеля", "is_correct": true } },
  { "model": "study_tests.answer", "pk": 174, "fields": { "question": 44, "text": "SPN без Фейстеля", "is_correct": false } },
  { "model": "study_tests.answer", "pk": 175, "fields": { "question": 44, "text": "Потоковый шифр", "is_correct": false } },
  { "model": "study_tests.answer", "pk": 176, "fields": { "question": 44, "text": "Гомоморфный шифр", "is_correct": false } },

  { "model": "study_tests.question", "pk": 45, "fields": { "test": 5, "text": "Назначение IP в DES", "multiple_answers": false } },
  { "model": "study_tests.answer", "pk": 177, "fields": { "question": 45, "text": "Распределяет биты для дальнейшей обработки", "is_correct": true } },
  { "model": "study_tests.answer", "pk": 178, "fields": { "question": 45, "text": "Повышает стойкость как секрет", "is_correct": false } },
  { "model": "study_tests.answer", "pk": 179, "fields": { "question": 45, "text": "Шифрует левую половину", "is_correct": false } },
  { "model": "study_tests.answer", "pk": 180, "fields": { "question": 45, "text": "Удаляет биты чётности", "is_correct": false } },

  { "model": "study_tests.question", "pk": 46, "fields": { "test": 5, "text": "Почему DES устарел?", "multiple_answers": false } },
  { "model": "study_tests.answer", "pk": 181, "fields": { "question": 46, "text": "Малая длина ключа (56 бит)", "is_correct": true } },
  { "model": "study_tests.answer", "pk": 182, "fields": { "question": 46, "text": "Слишком большой блок", "is_correct": false } },
  { "model": "study_tests.answer", "pk": 183, "fields": { "question": 46, "text": "Нет S-box", "is_correct": false } },
  { "model": "study_tests.answer", "pk": 184, "fields": { "question": 46, "text": "Не работает в железе", "is_correct": false } },

  { "model": "study_tests.question", "pk": 47, "fields": { "test": 5, "text": "Режимы работы, применимые к DES", "multiple_answers": true } },
  { "model": "study_tests.answer", "pk": 185, "fields": { "question": 47, "text": "ECB, CBC", "is_correct": true } },
  { "model": "study_tests.answer", "pk": 186, "fields": { "question": 47, "text": "CFB, OFB, CTR", "is_correct": true } },
  { "model": "study_tests.answer", "pk": 187, "fields": { "question": 47, "text": "GCM — только для RSA", "is_correct": false } },
  { "model": "study_tests.answer", "pk": 188, "fields": { "question": 47, "text": "MAC — режим шифрования", "is_correct": false } },

  { "model": "study_tests.question", "pk": 48, "fields": { "test": 5, "text": "Сколько раундов в DES?", "multiple_answers": false } },
  { "model": "study_tests.answer", "pk": 189, "fields": { "question": 48, "text": "16", "is_correct": true } },
  { "model": "study_tests.answer", "pk": 190, "fields": { "question": 48, "text": "10", "is_correct": false } },
  { "model": "study_tests.answer", "pk": 191, "fields": { "question": 48, "text": "12", "is_correct": false } },
  { "model": "study_tests.answer", "pk": 192, "fields": { "question": 48, "text": "8", "is_correct": false } },

  { "model": "study_tests.question", "pk": 49, "fields": { "test": 5, "text": "Как формируются раундовые ключи Ki?", "multiple_answers": true } },
  { "model": "study_tests.answer", "pk": 193, "fields": { "question": 49, "text": "PC-1, разбиение C/D", "is_correct": true } },
  { "model": "study_tests.answer", "pk": 194, "fields": { "question": 49, "text": "Циклические сдвиги", "is_correct": true } },
  { "model": "study_tests.answer", "pk": 195, "fields": { "question": 49, "text": "PC-2", "is_correct": true } },
  { "model": "study_tests.answer", "pk": 196, "fields": { "question": 49, "text": "Случайный выбор на каждый блок", "is_correct": false } },

  { "model": "study_tests.question", "pk": 50, "fields": { "test": 5, "text": "Что такое 3DES?", "multiple_answers": false } },
  { "model": "study_tests.answer", "pk": 197, "fields": { "question": 50, "text": "Тройное применение DES с 2/3 ключами", "is_correct": true } },
  { "model": "study_tests.answer", "pk": 198, "fields": { "question": 50, "text": "DES с 24 раундами", "is_correct": false } },
  { "model": "study_tests.answer", "pk": 199, "fields": { "question": 50, "text": "DES с блоком 128 бит", "is_correct": false } },
  { "model": "study_tests.answer", "pk": 200, "fields": { "question": 50, "text": "DES со случайными S-box", "is_correct": false } },

  { "model": "study_tests.studytest", "pk": 6, "fields": { "title": "Тест: AES", "category": 6, "description": "AES: 6 одиночных и 4 множественных вопроса", "attempt_limit": 3, "author": 1, "created_at": "2025-11-04T00:00:00Z", "updated_at": "2025-11-04T00:00:00Z" }},
  { "model": "study_tests.question", "pk": 51, "fields": { "test": 6, "text": "Размер блока AES", "multiple_answers": false } },
  { "model": "study_tests.answer", "pk": 201, "fields": { "question": 51, "text": "128 бит", "is_correct": true } },
  { "model": "study_tests.answer", "pk": 202, "fields": { "question": 51, "text": "64 бита", "is_correct": false } },
  { "model": "study_tests.answer", "pk": 203, "fields": { "question": 51, "text": "256 бит", "is_correct": false } },
  { "model": "study_tests.answer", "pk": 204, "fields": { "question": 51, "text": "96 бит", "is_correct": false } },

  { "model": "study_tests.question", "pk": 52, "fields": { "test": 6, "text": "Допустимые длины ключа AES", "multiple_answers": false } },
  { "model": "study_tests.answer", "pk": 205, "fields": { "question": 52, "text": "128, 192, 256 бит", "is_correct": true } },
  { "model": "study_tests.answer", "pk": 206, "fields": { "question": 52, "text": "64, 128, 256 бит", "is_correct": false } },
  { "model": "study_tests.answer", "pk": 207, "fields": { "question": 52, "text": "80, 112, 256 бит", "is_correct": false } },
  { "model": "study_tests.answer", "pk": 208, "fields": { "question": 52, "text": "192, 224, 256 бит", "is_correct": false } },

  { "model": "study_tests.question", "pk": 53, "fields": { "test": 6, "text": "Этапы раунда AES", "multiple_answers": true } },
  { "model": "study_tests.answer", "pk": 209, "fields": { "question": 53, "text": "SubBytes", "is_correct": true } },
  { "model": "study_tests.answer", "pk": 210, "fields": { "question": 53, "text": "ShiftRows", "is_correct": true } },
  { "model": "study_tests.answer", "pk": 211, "fields": { "question": 53, "text": "MixColumns", "is_correct": true } },
  { "model": "study_tests.answer", "pk": 212, "fields": { "question": 53, "text": "Initial Permutation", "is_correct": false } },

  { "model": "study_tests.question", "pk": 54, "fields": { "test": 6, "text": "Что отсутствует в последнем раунде AES?", "multiple_answers": false } },
  { "model": "study_tests.answer", "pk": 213, "fields": { "question": 54, "text": "MixColumns", "is_correct": true } },
  { "model": "study_tests.answer", "pk": 214, "fields": { "question": 54, "text": "SubBytes", "is_correct": false } },
  { "model": "study_tests.answer", "pk": 215, "fields": { "question": 54, "text": "ShiftRows", "is_correct": false } },
  { "model": "study_tests.answer", "pk": 216, "fields": { "question": 54, "text": "AddRoundKey", "is_correct": false } },

  { "model": "study_tests.question", "pk": 55, "fields": { "test": 6, "text": "Основа S-box AES", "multiple_answers": false } },
  { "model": "study_tests.answer", "pk": 217, "fields": { "question": 55, "text": "Мультипликативный обратный и аффинное преобразование в GF(2^8)", "is_correct": true } },
  { "model": "study_tests.answer", "pk": 218, "fields": { "question": 55, "text": "Случайная таблица", "is_correct": false } },
  { "model": "study_tests.answer", "pk": 219, "fields": { "question": 55, "text": "PC-1/PC-2", "is_correct": false } },
  { "model": "study_tests.answer", "pk": 220, "fields": { "question": 55, "text": "Permutation Choice", "is_correct": false } },

  { "model": "study_tests.question", "pk": 56, "fields": { "test": 6, "text": "Роли Key Expansion", "multiple_answers": true } },
  { "model": "study_tests.answer", "pk": 221, "fields": { "question": 56, "text": "Генерирует раундовые ключи", "is_correct": true } },
  { "model": "study_tests.answer", "pk": 222, "fields": { "question": 56, "text": "Использует SubWord/RotWord/Rcon", "is_correct": true } },
  { "model": "study_tests.answer", "pk": 223, "fields": { "question": 56, "text": "Случайно выбирает ключ для каждого блока", "is_correct": false } },
  { "model": "study_tests.answer", "pk": 224, "fields": { "question": 56, "text": "Компрессирует исходный ключ", "is_correct": false } },

  { "model": "study_tests.question", "pk": 57, "fields": { "test": 6, "text": "Матрица состояния AES-128", "multiple_answers": false } },
  { "model": "study_tests.answer", "pk": 225, "fields": { "question": 57, "text": "4×4 байта", "is_correct": true } },
  { "model": "study_tests.answer", "pk": 226, "fields": { "question": 57, "text": "8×8 байт", "is_correct": false } },
  { "model": "study_tests.answer", "pk": 227, "fields": { "question": 57, "text": "2×8 байт", "is_correct": false } },
  { "model": "study_tests.answer", "pk": 228, "fields": { "question": 57, "text": "4×8 байт", "is_correct": false } },

  { "model": "study_tests.question", "pk": 58, "fields": { "test": 6, "text": "Сколько раундов у AES-128/192/256?", "multiple_answers": false } },
  { "model": "study_tests.answer", "pk": 229, "fields": { "question": 58, "text": "10 / 12 / 14", "is_correct": true } },
  { "model": "study_tests.answer", "pk": 230, "fields": { "question": 58, "text": "8 / 10 / 12", "is_correct": false } },
  { "model": "study_tests.answer", "pk": 231, "fields": { "question": 58, "text": "12 / 14 / 16", "is_correct": false } },
  { "model": "study_tests.answer", "pk": 232, "fields": { "question": 58, "text": "9 / 11 / 13", "is_correct": false } },

  { "model": "study_tests.studytest", "pk": 7, "fields": { "title": "Тест: Аффинный шифр", "category": 6, "description": "Аффинный шифр: 6 одиночных и 4 множественных", "attempt_limit": 3, "author": 1, "created_at": "2025-11-04T00:00:00Z", "updated_at": "2025-11-04T00:00:00Z" }},
  { "model": "study_tests.question", "pk": 59, "fields": { "test": 7, "text": "Формула шифрования аффинного шифра", "multiple_answers": false } },
  { "model": "study_tests.answer", "pk": 233, "fields": { "question": 59, "text": "E(x) = (a·x + b) mod n", "is_correct": true } },
  { "model": "study_tests.answer", "pk": 234, "fields": { "question": 59, "text": "E(x) = (x + k) mod n", "is_correct": false } },
  { "model": "study_tests.answer", "pk": 235, "fields": { "question": 59, "text": "E(x) = x^e mod n", "is_correct": false } },
  { "model": "study_tests.answer", "pk": 236, "fields": { "question": 59, "text": "E(x) = k − x", "is_correct": false } },

  { "model": "study_tests.question", "pk": 60, "fields": { "test": 7, "text": "Условие на a для обратимости", "multiple_answers": false } },
  { "model": "study_tests.answer", "pk": 237, "fields": { "question": 60, "text": "gcd(a, n) = 1", "is_correct": true } },
  { "model": "study_tests.answer", "pk": 238, "fields": { "question": 60, "text": "a делится на n", "is_correct": false } },
  { "model": "study_tests.answer", "pk": 239, "fields": { "question": 60, "text": "a = 0", "is_correct": false } },
  { "model": "study_tests.answer", "pk": 240, "fields": { "question": 60, "text": "a = n−1 всегда", "is_correct": false } },

  { "model": "study_tests.question", "pk": 61, "fields": { "test": 7, "text": "Что верно про дешифрование аффинного шифра?", "multiple_answers": true } },
  { "model": "study_tests.answer", "pk": 241, "fields": { "question": 61, "text": "D(y) = a⁻¹·(y − b) mod n", "is_correct": true } },
  { "model": "study_tests.answer", "pk": 242, "fields": { "question": 61, "text": "a⁻¹ ищут расширенным алгоритмом Евклида", "is_correct": true } },
  { "model": "study_tests.answer", "pk": 243, "fields": { "question": 61, "text": "D(y) = (y − k) mod n", "is_correct": false } },
  { "model": "study_tests.answer", "pk": 244, "fields": { "question": 61, "text": "D(y) = y^d mod n", "is_correct": false } },

  { "model": "study_tests.question", "pk": 62, "fields": { "test": 7, "text": "Когда аффинный шифр вырождается в Цезаря?", "multiple_answers": false } },
  { "model": "study_tests.answer", "pk": 245, "fields": { "question": 62, "text": "a = 1", "is_correct": true } },
  { "model": "study_tests.answer", "pk": 246, "fields": { "question": 62, "text": "a = 0", "is_correct": false } },
  { "model": "study_tests.answer", "pk": 247, "fields": { "question": 62, "text": "a = 2", "is_correct": false } },
  { "model": "study_tests.answer", "pk": 248, "fields": { "question": 62, "text": "a = n−1", "is_correct": false } },

  { "model": "study_tests.question", "pk": 63, "fields": { "test": 7, "text": "Какие уязвимости присущи аффинному шифру?", "multiple_answers": true } },
  { "model": "study_tests.answer", "pk": 249, "fields": { "question": 63, "text": "Частотный анализ", "is_correct": true } },
  { "model": "study_tests.answer", "pk": 250, "fields": { "question": 63, "text": "Перебор ключей", "is_correct": true } },
  { "model": "study_tests.answer", "pk": 251, "fields": { "question": 63, "text": "Атака по времени", "is_correct": false } },
  { "model": "study_tests.answer", "pk": 252, "fields": { "question": 63, "text": "Зависимость от IP", "is_correct": false } },

  { "model": "study_tests.question", "pk": 64, "fields": { "test": 7, "text": "Сколько параметров содержит ключ аффинного шифра?", "multiple_answers": false } },
  { "model": "study_tests.answer", "pk": 253, "fields": { "question": 64, "text": "Два (a, b)", "is_correct": true } },
  { "model": "study_tests.answer", "pk": 254, "fields": { "question": 64, "text": "Один (k)", "is_correct": false } },
  { "model": "study_tests.answer", "pk": 255, "fields": { "question": 64, "text": "Три (a, b, n)", "is_correct": false } },
  { "model": "study_tests.answer", "pk": 256, "fields": { "question": 64, "text": "Четыре", "is_correct": false } },

  { "model": "study_tests.question", "pk": 65, "fields": { "test": 7, "text": "Какие значения a допустимы при n=32?", "multiple_answers": true } },
  { "model": "study_tests.answer", "pk": 257, "fields": { "question": 65, "text": "a взаимно просто с 32 (напр. 3,5,7,9,11)", "is_correct": true } },
  { "model": "study_tests.answer", "pk": 258, "fields": { "question": 65, "text": "любой a", "is_correct": false } },
  { "model": "study_tests.answer", "pk": 259, "fields": { "question": 65, "text": "только чётные a", "is_correct": false } },
  { "model": "study_tests.answer", "pk": 260, "fields": { "question": 65, "text": "только простые a", "is_correct": false } },

  { "model": "study_tests.studytest", "pk": 8, "fields": { "title": "Тест: Шифр Виженера", "category": 6, "description": "Виженер: 6 одиночных и 4 множественных", "attempt_limit": 3, "author": 1, "created_at": "2025-11-04T00:00:00Z", "updated_at": "2025-11-04T00:00:00Z" }},
  { "model": "study_tests.question", "pk": 66, "fields": { "test": 8, "text": "Класс шифра Виженера", "multiple_answers": false } },
  { "model": "study_tests.answer", "pk": 261, "fields": { "question": 66, "text": "Полиалфавитный подстановочный", "is_correct": true } },
  { "model": "study_tests.answer", "pk": 262, "fields": { "question": 66, "text": "Моноалфавитный", "is_correct": false } },
  { "model": "study_tests.answer", "pk": 263, "fields": { "question": 66, "text": "Перестановочный", "is_correct": false } },
  { "model": "study_tests.answer", "pk": 264, "fields": { "question": 66, "text": "Асимметричный", "is_correct": false } },

  { "model": "study_tests.question", "pk": 67, "fields": { "test": 8, "text": "Формулы шифрования/дешифрования Виженера", "multiple_answers": true } },
  { "model": "study_tests.answer", "pk": 265, "fields": { "question": 67, "text": "E(x) = (x + k) mod n", "is_correct": true } },
  { "model": "study_tests.answer", "pk": 266, "fields": { "question": 67, "text": "D(y) = (y − k) mod n", "is_correct": true } },
  { "model": "study_tests.answer", "pk": 267, "fields": { "question": 67, "text": "E(x) = (a·x + b) mod n", "is_correct": false } },
  { "model": "study_tests.answer", "pk": 268, "fields": { "question": 67, "text": "D(y) = y^d mod n", "is_correct": false } },

  { "model": "study_tests.question", "pk": 68, "fields": { "test": 8, "text": "Что задаёт величину сдвига каждой буквы?", "multiple_answers": false } },
  { "model": "study_tests.answer", "pk": 269, "fields": { "question": 68, "text": "Буква ключевого слова", "is_correct": true } },
  { "model": "study_tests.answer", "pk": 270, "fields": { "question": 68, "text": "Позиция слова", "is_correct": false } },
  { "model": "study_tests.answer", "pk": 271, "fields": { "question": 68, "text": "Случайный генератор", "is_correct": false } },
  { "model": "study_tests.answer", "pk": 272, "fields": { "question": 68, "text": "Хэш сообщения", "is_correct": false } },

  { "model": "study_tests.question", "pk": 69, "fields": { "test": 8, "text": "Методы взлома Виженера", "multiple_answers": true } },
  { "model": "study_tests.answer", "pk": 273, "fields": { "question": 69, "text": "Метод Касиски", "is_correct": true } },
  { "model": "study_tests.answer", "pk": 274, "fields": { "question": 69, "text": "Индекс совпадений", "is_correct": true } },
  { "model": "study_tests.answer", "pk": 275, "fields": { "question": 69, "text": "RC4-ключевание", "is_correct": false } },
  { "model": "study_tests.answer", "pk": 276, "fields": { "question": 69, "text": "AES MixColumns", "is_correct": false } },

  { "model": "study_tests.question", "pk": 70, "fields": { "test": 8, "text": "Как поступают с ключом, если он короче текста?", "multiple_answers": false } },
  { "model": "study_tests.answer", "pk": 277, "fields": { "question": 70, "text": "Повторяют до длины текста", "is_correct": true } },
  { "model": "study_tests.answer", "pk": 278, "fields": { "question": 70, "text": "Дополняют нулями", "is_correct": false } },
  { "model": "study_tests.answer", "pk": 279, "fields": { "question": 70, "text": "Трунцируют текст", "is_correct": false } },
  { "model": "study_tests.answer", "pk": 280, "fields": { "question": 70, "text": "Меняют алфавит", "is_correct": false } },

  { "model": "study_tests.question", "pk": 71, "fields": { "test": 8, "text": "Почему длинный ключ повышает стойкость?", "multiple_answers": false } },
  { "model": "study_tests.answer", "pk": 281, "fields": { "question": 71, "text": "Уменьшает повторяемость и усиливает рассеивание", "is_correct": true } },
  { "model": "study_tests.answer", "pk": 282, "fields": { "question": 71, "text": "Увеличивает блок AES", "is_correct": false } },
  { "model": "study_tests.answer", "pk": 283, "fields": { "question": 71, "text": "Добавляет IP-перестановку", "is_correct": false } },
  { "model": "study_tests.answer", "pk": 284, "fields": { "question": 71, "text": "Вводит S-box", "is_correct": false } },

  { "model": "study_tests.question", "pk": 72, "fields": { "test": 8, "text": "Таблица Виженера — это", "multiple_answers": false } },
  { "model": "study_tests.answer", "pk": 285, "fields": { "question": 72, "text": "Квадрат со сдвинутыми строками алфавита", "is_correct": true } },
  { "model": "study_tests.answer", "pk": 286, "fields": { "question": 72, "text": "Матрица DES перестановок", "is_correct": false } },
  { "model": "study_tests.answer", "pk": 287, "fields": { "question": 72, "text": "S-box таблица AES", "is_correct": false } },
  { "model": "study_tests.answer", "pk": 288, "fields": { "question": 72, "text": "Книга ключей", "is_correct": false } },

  { "model": "study_tests.studytest", "pk": 9, "fields": { "title": "Тест: Шифр перестановки", "category": 6, "description": "Перестановка: 6 одиночных и 4 множественных", "attempt_limit": 3, "author": 1, "created_at": "2025-11-04T00:00:00Z", "updated_at": "2025-11-04T00:00:00Z" }},
  { "model": "study_tests.question", "pk": 73, "fields": { "test": 9, "text": "Что делает шифр перестановки?", "multiple_answers": false } },
  { "model": "study_tests.answer", "pk": 289, "fields": { "question": 73, "text": "Меняет порядок символов", "is_correct": true } },
  { "model": "study_tests.answer", "pk": 290, "fields": { "question": 73, "text": "Заменяет символы другими", "is_correct": false } },
  { "model": "study_tests.answer", "pk": 291, "fields": { "question": 73, "text": "Шифрует биты XOR с ключом", "is_correct": false } },
  { "model": "study_tests.answer", "pk": 292, "fields": { "question": 73, "text": "Сжимает текст", "is_correct": false } },

  { "model": "study_tests.question", "pk": 74, "fields": { "test": 9, "text": "Как выполняется дешифрование перестановочного шифра?", "multiple_answers": false } },
  { "model": "study_tests.answer", "pk": 293, "fields": { "question": 74, "text": "Применением обратной перестановки", "is_correct": true } },
  { "model": "study_tests.answer", "pk": 294, "fields": { "question": 74, "text": "Через S-box", "is_correct": false } },
  { "model": "study_tests.answer", "pk": 295, "fields": { "question": 74, "text": "Возведением в степень", "is_correct": false } },
  { "model": "study_tests.answer", "pk": 296, "fields": { "question": 74, "text": "XOR с ключом", "is_correct": false } },

  { "model": "study_tests.question", "pk": 75, "fields": { "test": 9, "text": "Что повышает стойкость?", "multiple_answers": false } },
  { "model": "study_tests.answer", "pk": 297, "fields": { "question": 75, "text": "Множественная (double) перестановка", "is_correct": true } },
  { "model": "study_tests.answer", "pk": 298, "fields": { "question": 75, "text": "Одиночная перестановка", "is_correct": false } },
  { "model": "study_tests.answer", "pk": 299, "fields": { "question": 75, "text": "Без перестановок", "is_correct": false } },
  { "model": "study_tests.answer", "pk": 300, "fields": { "question": 75, "text": "Увеличение алфавита", "is_correct": false } },

  { "model": "study_tests.question", "pk": 76, "fields": { "test": 9, "text": "Главная уязвимость простой перестановки", "multiple_answers": false } },
  { "model": "study_tests.answer", "pk": 301, "fields": { "question": 76, "text": "Сохраняется частотное распределение букв", "is_correct": true } },
  { "model": "study_tests.answer", "pk": 302, "fields": { "question": 76, "text": "Малый блок данных", "is_correct": false } },
  { "model": "study_tests.answer", "pk": 303, "fields": { "question": 76, "text": "Большой ключ", "is_correct": false } },
  { "model": "study_tests.answer", "pk": 304, "fields": { "question": 76, "text": "Требует аппаратного ускорения", "is_correct": false } },

  { "model": "study_tests.question", "pk": 77, "fields": { "test": 9, "text": "Как растёт число ключей при длине блока n?", "multiple_answers": false } },
  { "model": "study_tests.answer", "pk": 305, "fields": { "question": 77, "text": "Факториально: n!", "is_correct": true } },
  { "model": "study_tests.answer", "pk": 306, "fields": { "question": 77, "text": "Линейно: n", "is_correct": false } },
  { "model": "study_tests.answer", "pk": 307, "fields": { "question": 77, "text": "Квадратично: n^2", "is_correct": false } },
  { "model": "study_tests.answer", "pk": 308, "fields": { "question": 77, "text": "Экспоненциально: 2^n", "is_correct": false } },

  { "model": "study_tests.question", "pk": 78, "fields": { "test": 9, "text": "Табличный шифр перестановки — это", "multiple_answers": false } },
  { "model": "study_tests.answer", "pk": 309, "fields": { "question": 78, "text": "Запись по строкам, чтение по столбцам по ключу", "is_correct": true } },
  { "model": "study_tests.answer", "pk": 310, "fields": { "question": 78, "text": "Случайная подстановка символов", "is_correct": false } },
  { "model": "study_tests.answer", "pk": 311, "fields": { "question": 78, "text": "Сдвиг по модулю алфавита", "is_correct": false } },
  { "model": "study_tests.answer", "pk": 312, "fields": { "question": 78, "text": "XOR с ключом", "is_correct": false } },

  { "model": "study_tests.question", "pk": 79, "fields": { "test": 9, "text": "Маршрутная перестановка — это", "multiple_answers": false } },
  { "model": "study_tests.answer", "pk": 313, "fields": { "question": 79, "text": "Чтение по заданному маршруту (спираль, зигзаг и т.п.)", "is_correct": true } },
  { "model": "study_tests.answer", "pk": 314, "fields": { "question": 79, "text": "Случайный выбор столбцов", "is_correct": false } },
  { "model": "study_tests.answer", "pk": 315, "fields": { "question": 79, "text": "Чередование алфавитов", "is_correct": false } },
  { "model": "study_tests.answer", "pk": 316, "fields": { "question": 79, "text": "Выбор S-box по ключу", "is_correct": false } },

  { "model": "study_tests.question", "pk": 80, "fields": { "test": 9, "text": "Комбинация, повышающая безопасность", "multiple_answers": true } },
  { "model": "study_tests.answer", "pk": 317, "fields": { "question": 80, "text": "Подстановка + перестановка", "is_correct": true } },
  { "model": "study_tests.answer", "pk": 318, "fields": { "question": 80, "text": "Двойная подстановка без перестановки", "is_correct": false } },
  { "model": "study_tests.answer", "pk": 319, "fields": { "question": 80, "text": "Только перестановка", "is_correct": false } },
  { "model": "study_tests.answer", "pk": 320, "fields": { "question": 80, "text": "Только подстановка", "is_correct": false } },

  { "model": "study_tests.question", "pk": 81, "fields": { "test": 6, "text": "В каком поле выполняются операции AES?", "multiple_answers": false } },
  { "model": "study_tests.answer", "pk": 321, "fields": { "question": 81, "text": "GF(2^8)", "is_correct": true } },
  { "model": "study_tests.answer", "pk": 322, "fields": { "question": 81, "text": "GF(2)", "is_correct": false } },
  { "model": "study_tests.answer", "pk": 323, "fields": { "question": 81, "text": "Z", "is_correct": false } },
  { "model": "study_tests.answer", "pk": 324, "fields": { "question": 81, "text": "R", "is_correct": false } },

  { "model": "study_tests.question", "pk": 82, "fields": { "test": 6, "text": "Назначение AddRoundKey в AES", "multiple_answers": false } },
  { "model": "study_tests.answer", "pk": 325, "fields": { "question": 82, "text": "XOR состояния с раундовым ключом", "is_correct": true } },
  { "model": "study_tests.answer", "pk": 326, "fields": { "question": 82, "text": "Перестановка байтов по таблице", "is_correct": false } },
  { "model": "study_tests.answer", "pk": 327, "fields": { "question": 82, "text": "Умножение столбцов матрицей", "is_correct": false } },
  { "model": "study_tests.answer", "pk": 328, "fields": { "question": 82, "text": "Генерация раундовых ключей", "is_correct": false } },

  { "model": "study_tests.question", "pk": 83, "fields": { "test": 7, "text": "Что такое ключ аффинного шифра?", "multiple_answers": false } },
  { "model": "study_tests.answer", "pk": 329, "fields": { "question": 83, "text": "Пара чисел (a, b)", "is_correct": true } },
  { "model": "study_tests.answer", "pk": 330, "fields": { "question": 83, "text": "Одно число k", "is_correct": false } },
  { "model": "study_tests.answer", "pk": 331, "fields": { "question": 83, "text": "Тройка (a, b, n)", "is_correct": false } },
  { "model": "study_tests.answer", "pk": 332, "fields": { "question": 83, "text": "Матрица 2×2", "is_correct": false } },

  { "model": "study_tests.question", "pk": 84, "fields": { "test": 7, "text": "Что обеспечивает обратимость функции шифрования?", "multiple_answers": false } },
  { "model": "study_tests.answer", "pk": 333, "fields": { "question": 84, "text": "Существование a⁻¹ mod n", "is_correct": true } },
  { "model": "study_tests.answer", "pk": 334, "fields": { "question": 84, "text": "Чётность b", "is_correct": false } },
  { "model": "study_tests.answer", "pk": 335, "fields": { "question": 84, "text": "Простота n", "is_correct": false } },
  { "model": "study_tests.answer", "pk": 336, "fields": { "question": 84, "text": "a делится на n", "is_correct": false } },

  { "model": "study_tests.question", "pk": 85, "fields": { "test": 7, "text": "Выберите верные утверждения об аффинном шифре", "multiple_answers": true } },
  { "model": "study_tests.answer", "pk": 337, "fields": { "question": 85, "text": "При a=1 сводится к Цезарю", "is_correct": true } },
  { "model": "study_tests.answer", "pk": 338, "fields": { "question": 85, "text": "Устойчив к частотному анализу", "is_correct": false } },
  { "model": "study_tests.answer", "pk": 339, "fields": { "question": 85, "text": "Требует a взаимно простого с n", "is_correct": true } },
  { "model": "study_tests.answer", "pk": 340, "fields": { "question": 85, "text": "b всегда 0", "is_correct": false } },

  { "model": "study_tests.question", "pk": 86, "fields": { "test": 8, "text": "Что задаёт сдвиг в шифре Виженера для каждой буквы?", "multiple_answers": false } },
  { "model": "study_tests.answer", "pk": 341, "fields": { "question": 86, "text": "Буква ключевого слова", "is_correct": true } },
  { "model": "study_tests.answer", "pk": 342, "fields": { "question": 86, "text": "Номер строки", "is_correct": false } },
  { "model": "study_tests.answer", "pk": 343, "fields": { "question": 86, "text": "Длина сообщения", "is_correct": false } },
  { "model": "study_tests.answer", "pk": 344, "fields": { "question": 86, "text": "Хэш слова", "is_correct": false } },

  { "model": "study_tests.question", "pk": 87, "fields": { "test": 8, "text": "Какие методы помогают взламывать Виженера?", "multiple_answers": true } },
  { "model": "study_tests.answer", "pk": 345, "fields": { "question": 87, "text": "Метод Касиски", "is_correct": true } },
  { "model": "study_tests.answer", "pk": 346, "fields": { "question": 87, "text": "Индекс совпадений", "is_correct": true } },
  { "model": "study_tests.answer", "pk": 347, "fields": { "question": 87, "text": "RSA-факторизация", "is_correct": false } },
  { "model": "study_tests.answer", "pk": 348, "fields": { "question": 87, "text": "DES IP-перестановка", "is_correct": false } },

  { "model": "study_tests.question", "pk": 88, "fields": { "test": 8, "text": "Какие утверждения верны о ключе Виженера?", "multiple_answers": true } },
  { "model": "study_tests.answer", "pk": 349, "fields": { "question": 88, "text": "Повторяется до длины текста", "is_correct": true } },
  { "model": "study_tests.answer", "pk": 350, "fields": { "question": 88, "text": "Чем длиннее — тем выше стойкость", "is_correct": true } },
  { "model": "study_tests.answer", "pk": 351, "fields": { "question": 88, "text": "Должен быть короче сообщения", "is_correct": false } },
  { "model": "study_tests.answer", "pk": 352, "fields": { "question": 88, "text": "Не влияет на стойкость", "is_correct": false } },

  { "model": "study_tests.question", "pk": 89, "fields": { "test": 9, "text": "Какие виды шифров перестановки существуют?", "multiple_answers": true } },
  { "model": "study_tests.answer", "pk": 353, "fields": { "question": 89, "text": "Простая (single) перестановка", "is_correct": true } },
  { "model": "study_tests.answer", "pk": 354, "fields": { "question": 89, "text": "Множественная (double) перестановка", "is_correct": true } },
  { "model": "study_tests.answer", "pk": 355, "fields": { "question": 89, "text": "S-box подстановка", "is_correct": false } },
  { "model": "study_tests.answer", "pk": 356, "fields": { "question": 89, "text": "Гаммирование XOR", "is_correct": false } },

  { "model": "study_tests.question", "pk": 90, "fields": { "test": 9, "text": "Где используются перестановки в современных шифрах?", "multiple_answers": true } },
  { "model": "study_tests.answer", "pk": 357, "fields": { "question": 90, "text": "DES", "is_correct": true } },
  { "model": "study_tests.answer", "pk": 358, "fields": { "question": 90, "text": "AES", "is_correct": true } },
  { "model": "study_tests.answer", "pk": 359, "fields": { "question": 90, "text": "RSA", "is_correct": false } },
  { "model": "study_tests.answer", "pk": 360, "fields": { "question": 90, "text": "ElGamal", "is_correct": false } }
]
